series_id,surface
0,tiled
1,tiled
2,wood
3,wood
4,wood
5,wood
6,concrete
7,soft_tiles
8,fine_concrete
9,wood
10,soft_tiles
11,tiled
12,soft_tiles
13,soft_tiles
14,wood
15,wood
16,wood
17,wood
18,wood
19,soft_pvc
20,soft_tiles
21,concrete
22,soft_tiles
23,soft_tiles
24,fine_concrete
25,tiled
26,tiled
27,wood
28,wood
29,hard_tiles_large_space
30,concrete
31,soft_tiles
32,tiled
33,soft_tiles
34,wood
35,soft_tiles
36,tiled
37,tiled
38,soft_tiles
39,soft_pvc
40,tiled
41,concrete
42,soft_pvc
43,wood
44,soft_tiles
45,wood
46,wood
47,soft_pvc
48,soft_pvc
49,carpet
50,soft_tiles
51,wood
52,wood
53,tiled
54,tiled
55,wood
56,soft_tiles
57,concrete
58,tiled
59,wood
60,wood
61,hard_tiles_large_space
62,tiled
63,concrete
64,soft_tiles
65,wood
66,soft_tiles
67,soft_tiles
68,soft_pvc
69,hard_tiles_large_space
70,tiled
71,soft_tiles
72,wood
73,soft_tiles
74,fine_concrete
75,wood
76,wood
77,soft_tiles
78,soft_pvc
79,fine_concrete
80,soft_tiles
81,soft_pvc
82,hard_tiles_large_space
83,wood
84,concrete
85,tiled
86,wood
87,tiled
88,soft_pvc
89,fine_concrete
90,wood
91,concrete
92,wood
93,tiled
94,soft_pvc
95,wood
96,soft_pvc
97,soft_tiles
98,soft_tiles
99,wood
100,hard_tiles_large_space
101,hard_tiles_large_space
102,soft_pvc
103,wood
104,tiled
105,wood
106,fine_concrete
107,soft_pvc
108,wood
109,tiled
110,fine_concrete
111,hard_tiles
112,wood
113,fine_concrete
114,wood
115,soft_tiles
116,fine_concrete
117,tiled
118,wood
119,wood
120,wood
121,wood
122,wood
123,wood
124,wood
125,tiled
126,soft_tiles
127,soft_pvc
128,soft_pvc
129,fine_concrete
130,wood
131,wood
132,fine_concrete
133,wood
134,soft_pvc
135,tiled
136,wood
137,wood
138,tiled
139,soft_tiles
140,wood
141,wood
142,soft_pvc
143,wood
144,hard_tiles_large_space
145,tiled
146,soft_pvc
147,carpet
148,wood
149,fine_concrete
150,soft_tiles
151,soft_tiles
152,soft_tiles
153,soft_tiles
154,soft_tiles
155,soft_tiles
156,tiled
157,tiled
158,wood
159,wood
160,soft_pvc
161,hard_tiles_large_space
162,soft_pvc
163,soft_tiles
164,wood
165,hard_tiles
166,tiled
167,tiled
168,soft_tiles
169,hard_tiles_large_space
170,wood
171,soft_tiles
172,soft_tiles
173,soft_tiles
174,soft_pvc
175,fine_concrete
176,concrete
177,hard_tiles_large_space
178,concrete
179,tiled
180,carpet
181,tiled
182,wood
183,soft_tiles
184,concrete
185,soft_tiles
186,soft_tiles
187,soft_tiles
188,soft_pvc
189,tiled
190,tiled
191,wood
192,soft_tiles
193,tiled
194,soft_tiles
195,soft_tiles
196,hard_tiles_large_space
197,soft_pvc
198,carpet
199,concrete
200,wood
201,concrete
202,wood
203,hard_tiles_large_space
204,soft_tiles
205,carpet
206,wood
207,wood
208,tiled
209,soft_tiles
210,fine_concrete
211,wood
212,soft_pvc
213,tiled
214,wood
215,soft_tiles
216,wood
217,wood
218,soft_tiles
219,carpet
220,wood
221,wood
222,soft_tiles
223,wood
224,wood
225,wood
226,soft_tiles
227,soft_tiles
228,wood
229,tiled
230,wood
231,tiled
232,soft_tiles
233,wood
234,wood
235,hard_tiles_large_space
236,wood
237,soft_tiles
238,wood
239,wood
240,soft_tiles
241,wood
242,wood
243,soft_tiles
244,wood
245,wood
246,soft_pvc
247,tiled
248,tiled
249,wood
250,wood
251,tiled
252,wood
253,hard_tiles_large_space
254,concrete
255,soft_tiles
256,wood
257,soft_pvc
258,concrete
259,soft_tiles
260,soft_tiles
261,wood
262,concrete
263,concrete
264,soft_tiles
265,soft_pvc
266,hard_tiles_large_space
267,wood
268,tiled
269,wood
270,tiled
271,soft_tiles
272,carpet
273,soft_tiles
274,wood
275,wood
276,wood
277,carpet
278,wood
279,wood
280,wood
281,concrete
282,wood
283,carpet
284,soft_pvc
285,soft_tiles
286,soft_pvc
287,soft_pvc
288,tiled
289,tiled
290,hard_tiles_large_space
291,hard_tiles_large_space
292,wood
293,soft_tiles
294,concrete
295,soft_pvc
296,soft_tiles
297,tiled
298,wood
299,wood
300,tiled
301,soft_pvc
302,soft_tiles
303,soft_pvc
304,tiled
305,soft_pvc
306,soft_pvc
307,wood
308,tiled
309,concrete
310,hard_tiles_large_space
311,wood
312,soft_tiles
313,wood
314,fine_concrete
315,wood
316,soft_pvc
317,soft_pvc
318,wood
319,concrete
320,soft_tiles
321,soft_tiles
322,wood
323,soft_tiles
324,tiled
325,tiled
326,soft_tiles
327,wood
328,wood
329,wood
330,hard_tiles_large_space
331,soft_tiles
332,wood
333,soft_pvc
334,hard_tiles_large_space
335,carpet
336,soft_tiles
337,tiled
338,wood
339,wood
340,soft_tiles
341,hard_tiles_large_space
342,carpet
343,wood
344,fine_concrete
345,carpet
346,wood
347,wood
348,concrete
349,tiled
350,hard_tiles_large_space
351,soft_pvc
352,soft_tiles
353,hard_tiles
354,wood
355,soft_pvc
356,wood
357,soft_tiles
358,wood
359,wood
360,tiled
361,soft_tiles
362,soft_tiles
363,wood
364,soft_tiles
365,wood
366,wood
367,concrete
368,wood
369,concrete
370,wood
371,tiled
372,wood
373,soft_tiles
374,tiled
375,concrete
376,soft_tiles
377,tiled
378,wood
379,soft_tiles
380,soft_tiles
381,wood
382,wood
383,hard_tiles_large_space
384,tiled
385,soft_tiles
386,soft_pvc
387,soft_tiles
388,wood
389,tiled
390,soft_tiles
391,soft_tiles
392,tiled
393,soft_tiles
394,wood
395,wood
396,wood
397,soft_pvc
398,soft_tiles
399,soft_tiles
400,tiled
401,wood
402,carpet
403,hard_tiles_large_space
404,concrete
405,soft_tiles
406,carpet
407,wood
408,wood
409,soft_pvc
410,wood
411,carpet
412,tiled
413,soft_tiles
414,carpet
415,soft_tiles
416,soft_pvc
417,wood
418,soft_tiles
419,tiled
420,soft_tiles
421,wood
422,tiled
423,wood
424,concrete
425,soft_pvc
426,tiled
427,soft_tiles
428,hard_tiles_large_space
429,soft_tiles
430,soft_pvc
431,tiled
432,soft_pvc
433,tiled
434,soft_tiles
435,wood
436,soft_pvc
437,soft_tiles
438,carpet
439,wood
440,soft_tiles
441,soft_tiles
442,soft_tiles
443,soft_pvc
444,wood
445,soft_pvc
446,tiled
447,soft_pvc
448,soft_tiles
449,carpet
450,wood
451,tiled
452,wood
453,tiled
454,soft_tiles
455,concrete
456,soft_tiles
457,soft_pvc
458,soft_pvc
459,wood
460,soft_tiles
461,wood
462,tiled
463,concrete
464,wood
465,carpet
466,wood
467,wood
468,soft_tiles
469,soft_tiles
470,wood
471,wood
472,wood
473,tiled
474,soft_tiles
475,soft_tiles
476,carpet
477,tiled
478,soft_tiles
479,wood
480,wood
481,concrete
482,soft_tiles
483,tiled
484,tiled
485,wood
486,soft_tiles
487,concrete
488,wood
489,carpet
490,tiled
491,wood
492,concrete
493,tiled
494,soft_tiles
495,concrete
496,wood
497,tiled
498,concrete
499,wood
500,carpet
501,carpet
502,tiled
503,soft_tiles
504,soft_pvc
505,wood
506,soft_tiles
507,concrete
508,wood
509,concrete
510,concrete
511,wood
512,soft_tiles
513,wood
514,wood
515,tiled
516,soft_pvc
517,hard_tiles_large_space
518,tiled
519,wood
520,fine_concrete
521,wood
522,soft_pvc
523,soft_pvc
524,wood
525,hard_tiles_large_space
526,tiled
527,soft_tiles
528,wood
529,soft_tiles
530,fine_concrete
531,tiled
532,soft_pvc
533,soft_tiles
534,concrete
535,wood
536,soft_tiles
537,wood
538,fine_concrete
539,wood
540,hard_tiles_large_space
541,wood
542,soft_pvc
543,soft_tiles
544,soft_tiles
545,soft_pvc
546,wood
547,soft_pvc
548,tiled
549,soft_tiles
550,wood
551,soft_tiles
552,concrete
553,hard_tiles_large_space
554,soft_pvc
555,fine_concrete
556,wood
557,carpet
558,soft_pvc
559,fine_concrete
560,wood
561,soft_pvc
562,concrete
563,wood
564,wood
565,tiled
566,wood
567,tiled
568,wood
569,wood
570,tiled
571,carpet
572,wood
573,soft_pvc
574,wood
575,soft_tiles
576,tiled
577,soft_tiles
578,soft_tiles
579,tiled
580,wood
581,tiled
582,tiled
583,soft_tiles
584,tiled
585,wood
586,tiled
587,soft_pvc
588,wood
589,tiled
590,tiled
591,wood
592,soft_tiles
593,hard_tiles_large_space
594,soft_pvc
595,soft_tiles
596,hard_tiles_large_space
597,hard_tiles_large_space
598,tiled
599,soft_tiles
600,hard_tiles_large_space
601,tiled
602,soft_tiles
603,soft_tiles
604,carpet
605,soft_tiles
606,wood
607,soft_pvc
608,hard_tiles_large_space
609,fine_concrete
610,hard_tiles_large_space
611,soft_pvc
612,wood
613,wood
614,wood
615,wood
616,soft_tiles
617,wood
618,carpet
619,wood
620,soft_tiles
621,wood
622,wood
623,wood
624,wood
625,soft_tiles
626,soft_pvc
627,soft_tiles
628,wood
629,wood
630,hard_tiles_large_space
631,soft_tiles
632,fine_concrete
633,hard_tiles_large_space
634,wood
635,concrete
636,soft_pvc
637,wood
638,wood
639,tiled
640,fine_concrete
641,hard_tiles_large_space
642,soft_tiles
643,tiled
644,wood
645,wood
646,soft_tiles
647,hard_tiles_large_space
648,soft_pvc
649,hard_tiles_large_space
650,concrete
651,wood
652,concrete
653,tiled
654,wood
655,carpet
656,soft_tiles
657,carpet
658,soft_tiles
659,wood
660,soft_pvc
661,soft_tiles
662,wood
663,concrete
664,soft_tiles
665,tiled
666,wood
667,soft_pvc
668,soft_tiles
669,wood
670,wood
671,wood
672,tiled
673,concrete
674,tiled
675,tiled
676,wood
677,tiled
678,soft_tiles
679,wood
680,soft_tiles
681,wood
682,soft_tiles
683,soft_pvc
684,soft_tiles
685,wood
686,carpet
687,tiled
688,fine_concrete
689,tiled
690,wood
691,wood
692,soft_pvc
693,fine_concrete
694,soft_pvc
695,wood
696,wood
697,tiled
698,soft_tiles
699,wood
700,wood
701,wood
702,wood
703,wood
704,wood
705,wood
706,hard_tiles_large_space
707,soft_pvc
708,soft_tiles
709,soft_pvc
710,wood
711,tiled
712,soft_tiles
713,soft_pvc
714,wood
715,hard_tiles_large_space
716,soft_tiles
717,soft_tiles
718,tiled
719,wood
720,wood
721,soft_tiles
722,wood
723,soft_tiles
724,tiled
725,fine_concrete
726,wood
727,tiled
728,soft_pvc
729,wood
730,wood
731,soft_tiles
732,hard_tiles_large_space
733,soft_tiles
734,tiled
735,fine_concrete
736,soft_tiles
737,soft_tiles
738,wood
739,wood
740,fine_concrete
741,wood
742,soft_tiles
743,soft_tiles
744,soft_tiles
745,soft_tiles
746,fine_concrete
747,concrete
748,wood
749,wood
750,wood
751,wood
752,concrete
753,wood
754,soft_tiles
755,soft_tiles
756,soft_tiles
757,soft_tiles
758,carpet
759,concrete
760,wood
761,soft_tiles
762,concrete
763,soft_pvc
764,wood
765,soft_tiles
766,tiled
767,wood
768,wood
769,wood
770,wood
771,soft_tiles
772,wood
773,tiled
774,tiled
775,soft_tiles
776,wood
777,soft_tiles
778,wood
779,tiled
780,soft_tiles
781,hard_tiles_large_space
782,concrete
783,soft_tiles
784,soft_tiles
785,soft_pvc
786,soft_pvc
787,tiled
788,soft_tiles
789,hard_tiles_large_space
790,tiled
791,fine_concrete
792,wood
793,fine_concrete
794,soft_tiles
795,soft_tiles
796,soft_pvc
797,wood
798,concrete
799,hard_tiles
800,soft_pvc
801,fine_concrete
802,hard_tiles_large_space
803,fine_concrete
804,soft_pvc
805,wood
806,soft_tiles
807,hard_tiles_large_space
808,soft_tiles
809,soft_tiles
810,soft_tiles
811,wood
812,wood
813,wood
814,wood
815,soft_tiles
816,wood
817,wood
818,soft_pvc
819,soft_pvc
820,tiled
821,wood
822,soft_pvc
823,soft_pvc
824,tiled
825,wood
826,soft_pvc
827,wood
828,soft_pvc
829,concrete
830,wood
831,wood
832,soft_tiles
833,soft_pvc
834,tiled
835,soft_tiles
836,wood
837,soft_pvc
838,concrete
839,wood
840,soft_tiles
841,hard_tiles
842,wood
843,tiled
844,soft_tiles
845,fine_concrete
846,soft_pvc
847,concrete
848,soft_pvc
849,soft_tiles
850,wood
851,soft_pvc
852,soft_tiles
853,soft_tiles
854,tiled
855,wood
856,soft_tiles
857,concrete
858,tiled
859,carpet
860,soft_tiles
861,soft_tiles
862,wood
863,soft_pvc
864,tiled
865,tiled
866,carpet
867,soft_tiles
868,tiled
869,hard_tiles_large_space
870,soft_tiles
871,wood
872,wood
873,soft_pvc
874,hard_tiles_large_space
875,wood
876,wood
877,wood
878,soft_pvc
879,soft_tiles
880,soft_pvc
881,wood
882,soft_tiles
883,wood
884,wood
885,wood
886,tiled
887,tiled
888,fine_concrete
889,soft_tiles
890,soft_tiles
891,wood
892,wood
893,tiled
894,soft_pvc
895,soft_pvc
896,hard_tiles_large_space
897,soft_tiles
898,wood
899,wood
900,tiled
901,wood
902,soft_tiles
903,soft_tiles
904,soft_pvc
905,wood
906,soft_pvc
907,soft_pvc
908,soft_tiles
909,wood
910,soft_tiles
911,concrete
912,concrete
913,concrete
914,hard_tiles_large_space
915,wood
916,carpet
917,soft_pvc
918,wood
919,soft_tiles
920,soft_pvc
921,fine_concrete
922,hard_tiles_large_space
923,tiled
924,wood
925,tiled
926,fine_concrete
927,soft_tiles
928,wood
929,soft_pvc
930,soft_tiles
931,wood
932,wood
933,carpet
934,soft_pvc
935,tiled
936,soft_pvc
937,concrete
938,wood
939,wood
940,fine_concrete
941,wood
942,wood
943,wood
944,wood
945,soft_tiles
946,wood
947,wood
948,concrete
949,hard_tiles
950,soft_tiles
951,wood
952,carpet
953,hard_tiles_large_space
954,soft_tiles
955,concrete
956,wood
957,soft_tiles
958,wood
959,wood
960,soft_pvc
961,soft_pvc
962,tiled
963,soft_pvc
964,concrete
965,fine_concrete
966,soft_pvc
967,soft_pvc
968,soft_tiles
969,hard_tiles
970,soft_pvc
971,soft_tiles
972,soft_pvc
973,soft_tiles
974,wood
975,concrete
976,hard_tiles_large_space
977,tiled
978,soft_tiles
979,hard_tiles_large_space
980,wood
981,tiled
982,wood
983,wood
984,concrete
985,tiled
986,tiled
987,fine_concrete
988,tiled
989,wood
990,concrete
991,wood
992,fine_concrete
993,tiled
994,tiled
995,wood
996,carpet
997,wood
998,hard_tiles_large_space
999,concrete
1000,carpet
1001,soft_tiles
1002,tiled
1003,wood
1004,wood
1005,soft_pvc
1006,soft_pvc
1007,wood
1008,hard_tiles_large_space
1009,soft_pvc
1010,tiled
1011,soft_pvc
1012,wood
1013,wood
1014,soft_tiles
1015,tiled
1016,tiled
1017,fine_concrete
1018,wood
1019,wood
1020,concrete
1021,soft_tiles
1022,hard_tiles_large_space
1023,soft_tiles
1024,wood
1025,soft_tiles
1026,wood
1027,wood
1028,concrete
1029,hard_tiles_large_space
1030,wood
1031,wood
1032,tiled
1033,soft_pvc
1034,hard_tiles_large_space
1035,wood
1036,wood
1037,carpet
1038,soft_pvc
1039,wood
1040,soft_pvc
1041,wood
1042,wood
1043,soft_tiles
1044,concrete
1045,hard_tiles_large_space
1046,wood
1047,hard_tiles_large_space
1048,hard_tiles_large_space
1049,fine_concrete
1050,wood
1051,soft_pvc
1052,wood
1053,soft_tiles
1054,soft_tiles
1055,soft_tiles
1056,soft_tiles
1057,carpet
1058,wood
1059,wood
1060,wood
1061,soft_pvc
1062,hard_tiles_large_space
1063,hard_tiles_large_space
1064,tiled
1065,wood
1066,wood
1067,soft_pvc
1068,tiled
1069,soft_tiles
1070,soft_tiles
1071,wood
1072,wood
1073,hard_tiles_large_space
1074,wood
1075,tiled
1076,tiled
1077,concrete
1078,soft_tiles
1079,wood
1080,wood
1081,soft_tiles
1082,carpet
1083,wood
1084,wood
1085,soft_pvc
1086,wood
1087,soft_pvc
1088,wood
1089,wood
1090,wood
1091,soft_tiles
1092,soft_pvc
1093,tiled
1094,soft_tiles
1095,tiled
1096,wood
1097,soft_tiles
1098,soft_tiles
1099,concrete
1100,wood
1101,soft_tiles
1102,wood
1103,wood
1104,concrete
1105,wood
1106,fine_concrete
1107,wood
1108,wood
1109,tiled
1110,wood
1111,wood
1112,soft_pvc
1113,wood
1114,wood
1115,soft_pvc
1116,carpet
1117,concrete
1118,concrete
1119,hard_tiles_large_space
1120,tiled
1121,tiled
1122,fine_concrete
1123,soft_tiles
1124,tiled
1125,concrete
1126,fine_concrete
1127,hard_tiles_large_space
1128,soft_tiles
1129,hard_tiles
1130,tiled
1131,tiled
1132,concrete
1133,tiled
1134,wood
1135,soft_pvc
1136,tiled
1137,tiled
1138,soft_tiles
1139,soft_tiles
1140,soft_tiles
1141,tiled
1142,soft_tiles
1143,soft_pvc
1144,soft_pvc
1145,wood
1146,wood
1147,soft_tiles
1148,soft_tiles
1149,tiled
1150,tiled
1151,tiled
1152,wood
1153,wood
1154,wood
1155,soft_tiles
1156,soft_pvc
1157,tiled
1158,tiled
1159,wood
1160,wood
1161,tiled
1162,wood
1163,tiled
1164,wood
1165,wood
1166,soft_pvc
1167,hard_tiles_large_space
1168,tiled
1169,soft_pvc
1170,wood
1171,tiled
1172,hard_tiles_large_space
1173,wood
1174,concrete
1175,wood
1176,hard_tiles
1177,soft_tiles
1178,tiled
1179,wood
1180,wood
1181,soft_tiles
1182,wood
1183,wood
1184,soft_tiles
1185,hard_tiles
1186,soft_tiles
1187,concrete
1188,wood
1189,wood
1190,wood
1191,soft_tiles
1192,tiled
1193,soft_tiles
1194,soft_tiles
1195,soft_tiles
1196,wood
1197,concrete
1198,hard_tiles_large_space
1199,fine_concrete
1200,wood
1201,soft_tiles
1202,wood
1203,soft_tiles
1204,fine_concrete
1205,concrete
1206,soft_pvc
1207,wood
1208,tiled
1209,soft_tiles
1210,wood
1211,soft_tiles
1212,tiled
1213,soft_tiles
1214,soft_pvc
1215,soft_tiles
1216,hard_tiles_large_space
1217,fine_concrete
1218,wood
1219,hard_tiles_large_space
1220,soft_pvc
1221,wood
1222,wood
1223,wood
1224,soft_tiles
1225,soft_pvc
1226,wood
1227,wood
1228,soft_pvc
1229,wood
1230,soft_pvc
1231,wood
1232,soft_pvc
1233,wood
1234,wood
1235,soft_pvc
1236,soft_pvc
1237,hard_tiles_large_space
1238,tiled
1239,tiled
1240,soft_tiles
1241,wood
1242,wood
1243,tiled
1244,wood
1245,tiled
1246,fine_concrete
1247,soft_tiles
1248,soft_tiles
1249,tiled
1250,wood
1251,carpet
1252,tiled
1253,wood
1254,soft_pvc
1255,concrete
1256,soft_tiles
1257,tiled
1258,concrete
1259,tiled
1260,soft_pvc
1261,wood
1262,wood
1263,fine_concrete
1264,concrete
1265,soft_tiles
1266,soft_pvc
1267,soft_pvc
1268,soft_pvc
1269,wood
1270,wood
1271,hard_tiles_large_space
1272,wood
1273,wood
1274,soft_pvc
1275,wood
1276,tiled
1277,hard_tiles
1278,hard_tiles_large_space
1279,wood
1280,concrete
1281,tiled
1282,hard_tiles_large_space
1283,fine_concrete
1284,soft_tiles
1285,soft_pvc
1286,tiled
1287,wood
1288,fine_concrete
1289,soft_pvc
1290,soft_tiles
1291,soft_pvc
1292,hard_tiles
1293,wood
1294,wood
1295,wood
1296,soft_pvc
1297,fine_concrete
1298,concrete
1299,soft_tiles
1300,wood
1301,wood
1302,tiled
1303,wood
1304,concrete
1305,soft_tiles
1306,hard_tiles_large_space
1307,wood
1308,tiled
1309,soft_tiles
1310,hard_tiles
1311,concrete
1312,concrete
1313,soft_pvc
1314,wood
1315,wood
1316,tiled
1317,soft_pvc
1318,tiled
1319,tiled
1320,wood
1321,tiled
1322,soft_tiles
1323,soft_tiles
1324,soft_pvc
1325,hard_tiles_large_space
1326,concrete
1327,soft_tiles
1328,soft_pvc
1329,concrete
1330,tiled
1331,wood
1332,wood
1333,soft_tiles
1334,concrete
1335,hard_tiles_large_space
1336,fine_concrete
1337,tiled
1338,soft_tiles
1339,soft_pvc
1340,wood
1341,tiled
1342,concrete
1343,wood
1344,wood
1345,wood
1346,soft_pvc
1347,soft_pvc
1348,wood
1349,hard_tiles_large_space
1350,soft_tiles
1351,concrete
1352,soft_tiles
1353,wood
1354,soft_tiles
1355,concrete
1356,wood
1357,soft_tiles
1358,soft_tiles
1359,wood
1360,carpet
1361,soft_tiles
1362,soft_tiles
1363,wood
1364,tiled
1365,tiled
1366,hard_tiles_large_space
1367,wood
1368,tiled
1369,soft_tiles
1370,soft_pvc
1371,wood
1372,wood
1373,soft_tiles
1374,fine_concrete
1375,hard_tiles_large_space
1376,concrete
1377,hard_tiles_large_space
1378,wood
1379,tiled
1380,soft_tiles
1381,tiled
1382,fine_concrete
1383,wood
1384,hard_tiles_large_space
1385,soft_tiles
1386,tiled
1387,wood
1388,tiled
1389,tiled
1390,tiled
1391,tiled
1392,wood
1393,fine_concrete
1394,wood
1395,concrete
1396,tiled
1397,carpet
1398,wood
1399,soft_tiles
1400,wood
1401,carpet
1402,soft_tiles
1403,wood
1404,wood
1405,soft_tiles
1406,wood
1407,wood
1408,soft_tiles
1409,hard_tiles
1410,concrete
1411,soft_tiles
1412,soft_tiles
1413,soft_tiles
1414,fine_concrete
1415,soft_tiles
1416,hard_tiles
1417,wood
1418,concrete
1419,tiled
1420,soft_pvc
1421,wood
1422,wood
1423,soft_tiles
1424,concrete
1425,wood
1426,wood
1427,hard_tiles_large_space
1428,soft_tiles
1429,concrete
1430,hard_tiles_large_space
1431,hard_tiles_large_space
1432,soft_tiles
1433,soft_tiles
1434,fine_concrete
1435,wood
1436,soft_tiles
1437,soft_pvc
1438,wood
1439,wood
1440,wood
1441,soft_pvc
1442,soft_tiles
1443,wood
1444,wood
1445,wood
1446,soft_tiles
1447,hard_tiles_large_space
1448,soft_tiles
1449,soft_tiles
1450,tiled
1451,hard_tiles
1452,fine_concrete
1453,soft_tiles
1454,hard_tiles_large_space
1455,tiled
1456,soft_pvc
1457,soft_pvc
1458,fine_concrete
1459,fine_concrete
1460,wood
1461,concrete
1462,concrete
1463,soft_tiles
1464,hard_tiles_large_space
1465,soft_tiles
1466,soft_pvc
1467,tiled
1468,wood
1469,soft_tiles
1470,soft_pvc
1471,concrete
1472,soft_pvc
1473,fine_concrete
1474,hard_tiles_large_space
1475,soft_tiles
1476,wood
1477,tiled
1478,soft_pvc
1479,concrete
1480,wood
1481,soft_tiles
1482,hard_tiles
1483,wood
1484,soft_pvc
1485,soft_tiles
1486,concrete
1487,tiled
1488,tiled
1489,tiled
1490,wood
1491,soft_pvc
1492,soft_pvc
1493,fine_concrete
1494,concrete
1495,soft_pvc
1496,wood
1497,soft_pvc
1498,soft_pvc
1499,soft_tiles
1500,soft_pvc
1501,wood
1502,soft_tiles
1503,hard_tiles_large_space
1504,wood
1505,soft_pvc
1506,soft_tiles
1507,soft_pvc
1508,tiled
1509,concrete
1510,wood
1511,soft_pvc
1512,wood
1513,wood
1514,wood
1515,soft_tiles
1516,hard_tiles_large_space
1517,soft_tiles
1518,wood
1519,wood
1520,soft_tiles
1521,tiled
1522,fine_concrete
1523,soft_tiles
1524,soft_pvc
1525,wood
1526,hard_tiles_large_space
1527,hard_tiles_large_space
1528,wood
1529,wood
1530,concrete
1531,soft_tiles
1532,tiled
1533,wood
1534,soft_tiles
1535,soft_tiles
1536,hard_tiles_large_space
1537,fine_concrete
1538,fine_concrete
1539,concrete
1540,tiled
1541,wood
1542,carpet
1543,wood
1544,soft_tiles
1545,wood
1546,tiled
1547,hard_tiles_large_space
1548,soft_tiles
1549,soft_pvc
1550,wood
1551,carpet
1552,soft_tiles
1553,wood
1554,wood
1555,tiled
1556,wood
1557,soft_tiles
1558,wood
1559,wood
1560,soft_tiles
1561,soft_tiles
1562,soft_tiles
1563,tiled
1564,soft_pvc
1565,fine_concrete
1566,soft_pvc
1567,soft_tiles
1568,soft_tiles
1569,soft_tiles
1570,soft_tiles
1571,concrete
1572,wood
1573,fine_concrete
1574,hard_tiles_large_space
1575,soft_tiles
1576,wood
1577,hard_tiles_large_space
1578,tiled
1579,tiled
1580,hard_tiles_large_space
1581,soft_tiles
1582,tiled
1583,hard_tiles_large_space
1584,tiled
1585,tiled
1586,concrete
1587,tiled
1588,soft_pvc
1589,hard_tiles_large_space
1590,wood
1591,wood
1592,fine_concrete
1593,tiled
1594,wood
1595,concrete
1596,soft_tiles
1597,concrete
1598,wood
1599,hard_tiles_large_space
1600,soft_tiles
1601,wood
1602,soft_pvc
1603,wood
1604,wood
1605,soft_tiles
1606,tiled
1607,hard_tiles_large_space
1608,wood
1609,tiled
1610,soft_tiles
1611,fine_concrete
1612,soft_pvc
1613,soft_pvc
1614,wood
1615,wood
1616,wood
1617,carpet
1618,soft_tiles
1619,soft_pvc
1620,soft_tiles
1621,hard_tiles_large_space
1622,wood
1623,wood
1624,soft_tiles
1625,soft_tiles
1626,soft_tiles
1627,tiled
1628,wood
1629,fine_concrete
1630,soft_tiles
1631,soft_tiles
1632,wood
1633,wood
1634,wood
1635,fine_concrete
1636,soft_tiles
1637,wood
1638,hard_tiles_large_space
1639,wood
1640,wood
1641,wood
1642,soft_pvc
1643,wood
1644,soft_tiles
1645,soft_tiles
1646,wood
1647,soft_tiles
1648,wood
1649,wood
1650,soft_tiles
1651,wood
1652,soft_tiles
1653,hard_tiles_large_space
1654,wood
1655,concrete
1656,fine_concrete
1657,wood
1658,concrete
1659,wood
1660,fine_concrete
1661,wood
1662,soft_tiles
1663,wood
1664,wood
1665,concrete
1666,wood
1667,wood
1668,soft_tiles
1669,wood
1670,soft_tiles
1671,wood
1672,wood
1673,hard_tiles_large_space
1674,wood
1675,concrete
1676,tiled
1677,soft_tiles
1678,wood
1679,concrete
1680,soft_tiles
1681,soft_pvc
1682,soft_tiles
1683,concrete
1684,tiled
1685,tiled
1686,wood
1687,wood
1688,soft_tiles
1689,soft_tiles
1690,hard_tiles_large_space
1691,soft_tiles
1692,soft_pvc
1693,wood
1694,wood
1695,wood
1696,tiled
1697,wood
1698,hard_tiles_large_space
1699,soft_tiles
1700,wood
1701,wood
1702,soft_tiles
1703,tiled
1704,wood
1705,concrete
1706,wood
1707,wood
1708,soft_pvc
1709,wood
1710,wood
1711,wood
1712,tiled
1713,wood
1714,hard_tiles_large_space
1715,tiled
1716,soft_pvc
1717,hard_tiles_large_space
1718,soft_pvc
1719,concrete
1720,wood
1721,hard_tiles_large_space
1722,wood
1723,wood
1724,hard_tiles_large_space
1725,soft_pvc
1726,tiled
1727,concrete
1728,wood
1729,tiled
1730,wood
1731,fine_concrete
1732,hard_tiles_large_space
1733,tiled
1734,carpet
1735,wood
1736,concrete
1737,wood
1738,wood
1739,concrete
1740,carpet
1741,concrete
1742,wood
1743,wood
1744,tiled
1745,wood
1746,wood
1747,wood
1748,hard_tiles_large_space
1749,soft_pvc
1750,wood
1751,concrete
1752,wood
1753,hard_tiles_large_space
1754,tiled
1755,tiled
1756,wood
1757,concrete
1758,concrete
1759,concrete
1760,fine_concrete
1761,concrete
1762,wood
1763,wood
1764,tiled
1765,wood
1766,hard_tiles_large_space
1767,wood
1768,wood
1769,wood
1770,hard_tiles_large_space
1771,wood
1772,concrete
1773,tiled
1774,wood
1775,wood
1776,wood
1777,wood
1778,tiled
1779,concrete
1780,wood
1781,concrete
1782,wood
1783,wood
1784,wood
1785,wood
1786,concrete
1787,wood
1788,fine_concrete
1789,fine_concrete
1790,hard_tiles_large_space
1791,carpet
1792,wood
1793,concrete
1794,concrete
1795,hard_tiles_large_space
1796,wood
1797,wood
1798,wood
1799,wood
1800,wood
1801,wood
1802,concrete
1803,wood
1804,wood
1805,wood
1806,wood
1807,concrete
1808,wood
1809,concrete
1810,concrete
1811,wood
1812,fine_concrete
1813,tiled
1814,concrete
1815,wood
1816,wood
1817,wood
1818,wood
1819,wood
1820,wood
1821,wood
1822,concrete
1823,soft_pvc
1824,wood
1825,wood
1826,concrete
1827,wood
1828,wood
1829,wood
1830,concrete
1831,concrete
1832,tiled
1833,wood
1834,hard_tiles_large_space
1835,tiled
1836,concrete
1837,soft_pvc
1838,concrete
1839,concrete
1840,hard_tiles_large_space
1841,wood
1842,wood
1843,wood
1844,wood
1845,wood
1846,tiled
1847,concrete
1848,wood
1849,wood
1850,tiled
1851,concrete
1852,concrete
1853,wood
1854,carpet
1855,fine_concrete
1856,wood
1857,soft_pvc
1858,hard_tiles_large_space
1859,concrete
1860,wood
1861,wood
1862,tiled
1863,wood
1864,wood
1865,wood
1866,wood
1867,wood
1868,carpet
1869,wood
1870,concrete
1871,wood
1872,hard_tiles_large_space
1873,wood
1874,wood
1875,wood
1876,wood
1877,hard_tiles_large_space
1878,wood
1879,wood
1880,fine_concrete
1881,tiled
1882,wood
1883,soft_pvc
1884,wood
1885,fine_concrete
1886,hard_tiles_large_space
1887,hard_tiles_large_space
1888,wood
1889,concrete
1890,wood
1891,wood
1892,tiled
1893,soft_pvc
1894,wood
1895,concrete
1896,tiled
1897,wood
1898,wood
1899,wood
1900,concrete
1901,wood
1902,tiled
1903,wood
1904,concrete
1905,wood
1906,tiled
1907,fine_concrete
1908,fine_concrete
1909,wood
1910,wood
1911,hard_tiles_large_space
1912,wood
1913,wood
1914,wood
1915,wood
1916,fine_concrete
1917,wood
1918,wood
1919,wood
1920,concrete
1921,wood
1922,wood
1923,wood
1924,concrete
1925,tiled
1926,wood
1927,concrete
1928,fine_concrete
1929,wood
1930,concrete
1931,concrete
1932,wood
1933,wood
1934,tiled
1935,tiled
1936,wood
1937,wood
1938,tiled
1939,carpet
1940,wood
1941,wood
1942,concrete
1943,wood
1944,hard_tiles_large_space
1945,fine_concrete
1946,fine_concrete
1947,concrete
1948,wood
1949,wood
1950,wood
1951,wood
1952,hard_tiles_large_space
1953,hard_tiles_large_space
1954,tiled
1955,wood
1956,wood
1957,wood
1958,hard_tiles_large_space
1959,wood
1960,wood
1961,hard_tiles_large_space
1962,concrete
1963,wood
1964,tiled
1965,wood
1966,hard_tiles_large_space
1967,wood
1968,wood
1969,wood
1970,hard_tiles_large_space
1971,wood
1972,wood
1973,wood
1974,concrete
1975,concrete
1976,concrete
1977,hard_tiles_large_space
1978,wood
1979,tiled
1980,hard_tiles_large_space
1981,wood
1982,wood
1983,tiled
1984,concrete
1985,carpet
1986,wood
1987,fine_concrete
1988,concrete
1989,tiled
1990,wood
1991,carpet
1992,wood
1993,wood
1994,carpet
1995,wood
1996,concrete
1997,wood
1998,wood
1999,wood
2000,hard_tiles_large_space
2001,wood
2002,wood
2003,wood
2004,tiled
2005,concrete
2006,wood
2007,tiled
2008,wood
2009,wood
2010,concrete
2011,wood
2012,wood
2013,carpet
2014,wood
2015,concrete
2016,concrete
2017,wood
2018,wood
2019,wood
2020,wood
2021,wood
2022,wood
2023,hard_tiles_large_space
2024,wood
2025,tiled
2026,wood
2027,hard_tiles_large_space
2028,wood
2029,carpet
2030,wood
2031,wood
2032,wood
2033,wood
2034,tiled
2035,hard_tiles_large_space
2036,tiled
2037,concrete
2038,wood
2039,wood
2040,wood
2041,tiled
2042,concrete
2043,tiled
2044,wood
2045,tiled
2046,wood
2047,fine_concrete
2048,wood
2049,wood
2050,tiled
2051,concrete
2052,wood
2053,wood
2054,hard_tiles_large_space
2055,wood
2056,concrete
2057,fine_concrete
2058,wood
2059,soft_pvc
2060,wood
2061,concrete
2062,concrete
2063,hard_tiles_large_space
2064,wood
2065,wood
2066,wood
2067,wood
2068,tiled
2069,tiled
2070,concrete
2071,wood
2072,wood
2073,wood
2074,fine_concrete
2075,tiled
2076,concrete
2077,wood
2078,fine_concrete
2079,wood
2080,concrete
2081,concrete
2082,wood
2083,concrete
2084,wood
2085,wood
2086,concrete
2087,concrete
2088,carpet
2089,wood
2090,concrete
2091,soft_pvc
2092,wood
2093,wood
2094,wood
2095,hard_tiles_large_space
2096,wood
2097,wood
2098,wood
2099,hard_tiles_large_space
2100,tiled
2101,concrete
2102,wood
2103,wood
2104,wood
2105,concrete
2106,wood
2107,concrete
2108,tiled
2109,wood
2110,tiled
2111,concrete
2112,wood
2113,wood
2114,wood
2115,fine_concrete
2116,concrete
2117,wood
2118,wood
2119,wood
2120,tiled
2121,wood
2122,wood
2123,concrete
2124,wood
2125,concrete
2126,wood
2127,wood
2128,wood
2129,tiled
2130,wood
2131,carpet
2132,wood
2133,carpet
2134,wood
2135,concrete
2136,carpet
2137,concrete
2138,concrete
2139,tiled
2140,wood
2141,wood
2142,wood
2143,wood
2144,wood
2145,wood
2146,wood
2147,concrete
2148,concrete
2149,wood
2150,soft_pvc
2151,wood
2152,tiled
2153,fine_concrete
2154,wood
2155,wood
2156,wood
2157,wood
2158,wood
2159,concrete
2160,wood
2161,wood
2162,wood
2163,carpet
2164,wood
2165,wood
2166,concrete
2167,tiled
2168,concrete
2169,wood
2170,wood
2171,soft_pvc
2172,wood
2173,fine_concrete
2174,carpet
2175,tiled
2176,tiled
2177,wood
2178,carpet
2179,tiled
2180,wood
2181,tiled
2182,hard_tiles_large_space
2183,wood
2184,wood
2185,fine_concrete
2186,wood
2187,wood
2188,wood
2189,wood
2190,tiled
2191,concrete
2192,tiled
2193,wood
2194,wood
2195,wood
2196,concrete
2197,wood
2198,wood
2199,carpet
2200,soft_pvc
2201,wood
2202,tiled
2203,wood
2204,tiled
2205,wood
2206,wood
2207,wood
2208,wood
2209,concrete
2210,concrete
2211,concrete
2212,wood
2213,concrete
2214,wood
2215,carpet
2216,tiled
2217,wood
2218,concrete
2219,wood
2220,tiled
2221,hard_tiles_large_space
2222,fine_concrete
2223,wood
2224,tiled
2225,wood
2226,wood
2227,wood
2228,wood
2229,wood
2230,hard_tiles_large_space
2231,wood
2232,wood
2233,wood
2234,wood
2235,wood
2236,hard_tiles_large_space
2237,fine_concrete
2238,wood
2239,wood
2240,carpet
2241,concrete
2242,wood
2243,wood
2244,hard_tiles_large_space
2245,wood
2246,concrete
2247,wood
2248,concrete
2249,concrete
2250,wood
2251,tiled
2252,wood
2253,concrete
2254,wood
2255,wood
2256,concrete
2257,tiled
2258,wood
2259,wood
2260,wood
2261,concrete
2262,wood
2263,wood
2264,hard_tiles_large_space
2265,carpet
2266,wood
2267,wood
2268,fine_concrete
2269,fine_concrete
2270,wood
2271,wood
2272,wood
2273,wood
2274,concrete
2275,hard_tiles_large_space
2276,fine_concrete
2277,concrete
2278,soft_pvc
2279,wood
2280,carpet
2281,wood
2282,concrete
2283,concrete
2284,carpet
2285,wood
2286,carpet
2287,hard_tiles_large_space
2288,wood
2289,concrete
2290,concrete
2291,wood
2292,wood
2293,carpet
2294,wood
2295,wood
2296,tiled
2297,wood
2298,soft_pvc
2299,wood
2300,concrete
2301,wood
2302,concrete
2303,wood
2304,concrete
2305,wood
2306,concrete
2307,wood
2308,hard_tiles_large_space
2309,tiled
2310,soft_pvc
2311,tiled
2312,wood
2313,wood
2314,carpet
2315,wood
2316,concrete
2317,wood
2318,tiled
2319,wood
2320,soft_pvc
2321,concrete
2322,tiled
2323,concrete
2324,wood
2325,tiled
2326,carpet
2327,wood
2328,wood
2329,wood
2330,concrete
2331,wood
2332,wood
2333,wood
2334,concrete
2335,wood
2336,wood
2337,wood
2338,wood
2339,wood
2340,tiled
2341,carpet
2342,wood
2343,hard_tiles_large_space
2344,hard_tiles_large_space
2345,soft_pvc
2346,wood
2347,wood
2348,concrete
2349,tiled
2350,hard_tiles_large_space
2351,tiled
2352,wood
2353,wood
2354,concrete
2355,wood
2356,concrete
2357,concrete
2358,wood
2359,wood
2360,wood
2361,concrete
2362,wood
2363,hard_tiles_large_space
2364,concrete
2365,hard_tiles_large_space
2366,wood
2367,tiled
2368,concrete
2369,hard_tiles_large_space
2370,wood
2371,wood
2372,concrete
2373,wood
2374,wood
2375,wood
2376,concrete
2377,tiled
2378,wood
2379,wood
2380,tiled
2381,soft_pvc
2382,tiled
2383,wood
2384,carpet
2385,carpet
2386,concrete
2387,carpet
2388,wood
2389,wood
2390,wood
2391,wood
2392,concrete
2393,carpet
2394,hard_tiles_large_space
2395,wood
2396,concrete
2397,wood
2398,carpet
2399,wood
2400,wood
2401,concrete
2402,hard_tiles_large_space
2403,wood
2404,carpet
2405,tiled
2406,wood
2407,wood
2408,wood
2409,tiled
2410,wood
2411,carpet
2412,concrete
2413,wood
2414,carpet
2415,carpet
2416,carpet
2417,concrete
2418,concrete
2419,wood
2420,carpet
2421,wood
2422,tiled
2423,carpet
2424,fine_concrete
2425,tiled
2426,carpet
2427,tiled
2428,tiled
2429,wood
2430,wood
2431,carpet
2432,concrete
2433,wood
2434,wood
2435,concrete
2436,soft_pvc
2437,wood
2438,hard_tiles_large_space
2439,wood
2440,concrete
2441,soft_pvc
2442,hard_tiles_large_space
2443,wood
2444,wood
2445,wood
2446,tiled
2447,wood
2448,hard_tiles_large_space
2449,wood
2450,wood
2451,tiled
2452,wood
2453,fine_concrete
2454,wood
2455,carpet
2456,tiled
2457,tiled
2458,soft_pvc
2459,wood
2460,hard_tiles_large_space
2461,wood
2462,wood
2463,concrete
2464,wood
2465,carpet
2466,tiled
2467,concrete
2468,wood
2469,wood
2470,carpet
2471,carpet
2472,concrete
2473,wood
2474,concrete
2475,soft_pvc
2476,hard_tiles_large_space
2477,wood
2478,concrete
2479,wood
2480,concrete
2481,concrete
2482,wood
2483,concrete
2484,tiled
2485,carpet
2486,hard_tiles_large_space
2487,wood
2488,wood
2489,hard_tiles_large_space
2490,concrete
2491,wood
2492,wood
2493,concrete
2494,wood
2495,concrete
2496,concrete
2497,hard_tiles_large_space
2498,concrete
2499,tiled
2500,wood
2501,tiled
2502,hard_tiles_large_space
2503,concrete
2504,concrete
2505,concrete
2506,tiled
2507,wood
2508,wood
2509,wood
2510,wood
2511,tiled
2512,concrete
2513,wood
2514,wood
2515,carpet
2516,hard_tiles_large_space
2517,tiled
2518,carpet
2519,carpet
2520,concrete
2521,wood
2522,wood
2523,wood
2524,wood
2525,tiled
2526,wood
2527,carpet
2528,tiled
2529,hard_tiles_large_space
2530,wood
2531,wood
2532,carpet
2533,carpet
2534,tiled
2535,wood
2536,concrete
2537,wood
2538,hard_tiles_large_space
2539,wood
2540,carpet
2541,wood
2542,wood
2543,carpet
2544,tiled
2545,concrete
2546,wood
2547,concrete
2548,fine_concrete
2549,wood
2550,tiled
2551,concrete
2552,wood
2553,wood
2554,wood
2555,wood
2556,tiled
2557,wood
2558,wood
2559,concrete
2560,carpet
2561,wood
2562,concrete
2563,hard_tiles_large_space
2564,tiled
2565,wood
2566,concrete
2567,concrete
2568,tiled
2569,hard_tiles_large_space
2570,concrete
2571,wood
2572,hard_tiles_large_space
2573,carpet
2574,wood
2575,wood
2576,wood
2577,wood
2578,wood
2579,wood
2580,carpet
2581,hard_tiles_large_space
2582,concrete
2583,wood
2584,hard_tiles_large_space
2585,soft_pvc
2586,wood
2587,wood
2588,wood
2589,hard_tiles_large_space
2590,wood
2591,wood
2592,wood
2593,wood
2594,concrete
2595,wood
2596,wood
2597,tiled
2598,hard_tiles_large_space
2599,wood
2600,wood
2601,wood
2602,tiled
2603,wood
2604,wood
2605,tiled
2606,wood
2607,wood
2608,tiled
2609,carpet
2610,wood
2611,concrete
2612,concrete
2613,wood
2614,concrete
2615,wood
2616,wood
2617,wood
2618,wood
2619,carpet
2620,wood
2621,tiled
2622,wood
2623,carpet
2624,wood
2625,wood
2626,wood
2627,tiled
2628,soft_pvc
2629,carpet
2630,hard_tiles_large_space
2631,concrete
2632,wood
2633,wood
2634,tiled
2635,wood
2636,wood
2637,tiled
2638,wood
2639,wood
2640,hard_tiles_large_space
2641,wood
2642,hard_tiles_large_space
2643,wood
2644,tiled
2645,tiled
2646,wood
2647,hard_tiles_large_space
2648,wood
2649,wood
2650,fine_concrete
2651,wood
2652,concrete
2653,wood
2654,wood
2655,tiled
2656,concrete
2657,wood
2658,hard_tiles_large_space
2659,wood
2660,wood
2661,tiled
2662,tiled
2663,concrete
2664,wood
2665,wood
2666,wood
2667,hard_tiles_large_space
2668,tiled
2669,wood
2670,concrete
2671,wood
2672,wood
2673,wood
2674,concrete
2675,wood
2676,wood
2677,wood
2678,carpet
2679,wood
2680,concrete
2681,carpet
2682,wood
2683,concrete
2684,concrete
2685,wood
2686,wood
2687,fine_concrete
2688,tiled
2689,wood
2690,tiled
2691,tiled
2692,wood
2693,wood
2694,carpet
2695,tiled
2696,concrete
2697,carpet
2698,hard_tiles_large_space
2699,wood
2700,wood
2701,wood
2702,carpet
2703,concrete
2704,carpet
2705,wood
2706,concrete
2707,wood
2708,concrete
2709,wood
2710,concrete
2711,wood
2712,tiled
2713,wood
2714,concrete
2715,wood
2716,carpet
2717,wood
2718,tiled
2719,carpet
2720,wood
2721,concrete
2722,wood
2723,wood
2724,wood
2725,wood
2726,wood
2727,wood
2728,fine_concrete
2729,tiled
2730,wood
2731,wood
2732,tiled
2733,wood
2734,concrete
2735,tiled
2736,hard_tiles_large_space
2737,concrete
2738,hard_tiles_large_space
2739,wood
2740,concrete
2741,wood
2742,wood
2743,concrete
2744,hard_tiles_large_space
2745,wood
2746,carpet
2747,wood
2748,wood
2749,wood
2750,wood
2751,concrete
2752,wood
2753,concrete
2754,wood
2755,wood
2756,fine_concrete
2757,wood
2758,concrete
2759,concrete
2760,concrete
2761,wood
2762,wood
2763,hard_tiles_large_space
2764,wood
2765,concrete
2766,tiled
2767,wood
2768,wood
2769,concrete
2770,carpet
2771,carpet
2772,concrete
2773,wood
2774,tiled
2775,wood
2776,wood
2777,wood
2778,tiled
2779,wood
2780,wood
2781,concrete
2782,wood
2783,wood
2784,wood
2785,fine_concrete
2786,concrete
2787,wood
2788,hard_tiles_large_space
2789,wood
2790,carpet
2791,wood
2792,concrete
2793,tiled
2794,wood
2795,hard_tiles_large_space
2796,tiled
2797,wood
2798,hard_tiles_large_space
2799,wood
2800,wood
2801,tiled
2802,carpet
2803,wood
2804,wood
2805,wood
2806,wood
2807,concrete
2808,tiled
2809,soft_pvc
2810,tiled
2811,concrete
2812,wood
2813,concrete
2814,concrete
2815,concrete
2816,tiled
2817,tiled
2818,fine_concrete
2819,carpet
2820,wood
2821,tiled
2822,concrete
2823,fine_concrete
2824,tiled
2825,wood
2826,soft_pvc
2827,carpet
2828,wood
2829,hard_tiles_large_space
2830,concrete
2831,concrete
2832,concrete
2833,soft_pvc
2834,concrete
2835,hard_tiles_large_space
2836,concrete
2837,wood
2838,carpet
2839,wood
2840,wood
2841,wood
2842,carpet
2843,wood
2844,wood
2845,wood
2846,wood
2847,wood
2848,tiled
2849,carpet
2850,wood
2851,wood
2852,wood
2853,concrete
2854,tiled
2855,wood
2856,soft_pvc
2857,wood
2858,concrete
2859,wood
2860,concrete
2861,wood
2862,wood
2863,concrete
2864,wood
2865,concrete
2866,wood
2867,fine_concrete
2868,wood
2869,carpet
2870,hard_tiles_large_space
2871,wood
2872,fine_concrete
2873,tiled
2874,soft_pvc
2875,tiled
2876,wood
2877,soft_pvc
2878,tiled
2879,wood
2880,carpet
2881,hard_tiles_large_space
2882,tiled
2883,wood
2884,concrete
2885,wood
2886,hard_tiles_large_space
2887,hard_tiles_large_space
2888,hard_tiles_large_space
2889,concrete
2890,wood
2891,wood
2892,concrete
2893,carpet
2894,wood
2895,wood
2896,hard_tiles_large_space
2897,concrete
2898,wood
2899,tiled
2900,concrete
2901,wood
2902,wood
2903,concrete
2904,concrete
2905,wood
2906,wood
2907,wood
2908,wood
2909,wood
2910,carpet
2911,fine_concrete
2912,fine_concrete
2913,wood
2914,tiled
2915,concrete
2916,wood
2917,tiled
2918,concrete
2919,hard_tiles_large_space
2920,concrete
2921,wood
2922,concrete
2923,hard_tiles_large_space
2924,hard_tiles_large_space
2925,tiled
2926,wood
2927,wood
2928,wood
2929,concrete
2930,wood
2931,concrete
2932,wood
2933,wood
2934,wood
2935,concrete
2936,wood
2937,hard_tiles_large_space
2938,carpet
2939,wood
2940,tiled
2941,hard_tiles_large_space
2942,hard_tiles_large_space
2943,concrete
2944,hard_tiles_large_space
2945,concrete
2946,wood
2947,hard_tiles_large_space
2948,concrete
2949,concrete
2950,wood
2951,tiled
2952,hard_tiles_large_space
2953,hard_tiles_large_space
2954,hard_tiles_large_space
2955,hard_tiles_large_space
2956,tiled
2957,soft_pvc
2958,hard_tiles_large_space
2959,wood
2960,tiled
2961,wood
2962,concrete
2963,wood
2964,wood
2965,concrete
2966,concrete
2967,wood
2968,concrete
2969,hard_tiles_large_space
2970,tiled
2971,concrete
2972,wood
2973,wood
2974,hard_tiles_large_space
2975,wood
2976,wood
2977,wood
2978,concrete
2979,wood
2980,wood
2981,wood
2982,wood
2983,wood
2984,wood
2985,wood
2986,tiled
2987,wood
2988,concrete
2989,wood
2990,fine_concrete
2991,concrete
2992,wood
2993,soft_pvc
2994,concrete
2995,concrete
2996,wood
2997,concrete
2998,tiled
2999,wood
3000,wood
3001,concrete
3002,wood
3003,tiled
3004,carpet
3005,wood
3006,wood
3007,hard_tiles_large_space
3008,wood
3009,fine_concrete
3010,tiled
3011,wood
3012,tiled
3013,concrete
3014,tiled
3015,hard_tiles_large_space
3016,tiled
3017,concrete
3018,concrete
3019,concrete
3020,wood
3021,wood
3022,wood
3023,concrete
3024,wood
3025,wood
3026,carpet
3027,wood
3028,tiled
3029,wood
3030,soft_pvc
3031,wood
3032,wood
3033,wood
3034,wood
3035,hard_tiles_large_space
3036,tiled
3037,wood
3038,wood
3039,concrete
3040,wood
3041,tiled
3042,wood
3043,tiled
3044,wood
3045,concrete
3046,concrete
3047,wood
3048,tiled
3049,hard_tiles_large_space
3050,wood
3051,fine_concrete
3052,concrete
3053,wood
3054,wood
3055,tiled
3056,hard_tiles_large_space
3057,hard_tiles_large_space
3058,wood
3059,concrete
3060,hard_tiles_large_space
3061,carpet
3062,wood
3063,wood
3064,concrete
3065,carpet
3066,concrete
3067,wood
3068,wood
3069,concrete
3070,fine_concrete
3071,wood
3072,tiled
3073,wood
3074,wood
3075,concrete
3076,wood
3077,concrete
3078,concrete
3079,concrete
3080,hard_tiles_large_space
3081,wood
3082,concrete
3083,wood
3084,concrete
3085,tiled
3086,wood
3087,tiled
3088,concrete
3089,wood
3090,concrete
3091,carpet
3092,concrete
3093,wood
3094,tiled
3095,concrete
3096,wood
3097,wood
3098,wood
3099,wood
3100,wood
3101,wood
3102,hard_tiles_large_space
3103,wood
3104,concrete
3105,concrete
3106,fine_concrete
3107,tiled
3108,wood
3109,wood
3110,soft_pvc
3111,concrete
3112,concrete
3113,hard_tiles_large_space
3114,fine_concrete
3115,concrete
3116,wood
3117,concrete
3118,concrete
3119,wood
3120,wood
3121,concrete
3122,wood
3123,fine_concrete
3124,hard_tiles_large_space
3125,hard_tiles_large_space
3126,wood
3127,concrete
3128,wood
3129,wood
3130,concrete
3131,concrete
3132,tiled
3133,wood
3134,tiled
3135,concrete
3136,tiled
3137,fine_concrete
3138,wood
3139,wood
3140,concrete
3141,wood
3142,wood
3143,wood
3144,carpet
3145,hard_tiles_large_space
3146,wood
3147,tiled
3148,carpet
3149,wood
3150,wood
3151,wood
3152,wood
3153,wood
3154,tiled
3155,soft_pvc
3156,carpet
3157,wood
3158,concrete
3159,wood
3160,wood
3161,carpet
3162,concrete
3163,wood
3164,hard_tiles_large_space
3165,fine_concrete
3166,concrete
3167,wood
3168,wood
3169,wood
3170,hard_tiles_large_space
3171,tiled
3172,wood
3173,wood
3174,hard_tiles_large_space
3175,wood
3176,concrete
3177,wood
3178,wood
3179,tiled
3180,wood
3181,fine_concrete
3182,wood
3183,concrete
3184,wood
3185,concrete
3186,wood
3187,carpet
3188,wood
3189,tiled
3190,wood
3191,wood
3192,concrete
3193,carpet
3194,concrete
3195,concrete
3196,wood
3197,wood
3198,wood
3199,concrete
3200,tiled
3201,wood
3202,tiled
3203,tiled
3204,tiled
3205,carpet
3206,wood
3207,carpet
3208,hard_tiles_large_space
3209,wood
3210,wood
3211,wood
3212,tiled
3213,wood
3214,carpet
3215,concrete
3216,wood
3217,wood
3218,concrete
3219,wood
3220,concrete
3221,tiled
3222,carpet
3223,wood
3224,wood
3225,wood
3226,wood
3227,wood
3228,hard_tiles_large_space
3229,tiled
3230,carpet
3231,concrete
3232,concrete
3233,wood
3234,wood
3235,wood
3236,wood
3237,wood
3238,wood
3239,wood
3240,wood
3241,tiled
3242,wood
3243,wood
3244,concrete
3245,tiled
3246,carpet
3247,wood
3248,wood
3249,wood
3250,concrete
3251,wood
3252,wood
3253,wood
3254,concrete
3255,wood
3256,wood
3257,wood
3258,carpet
3259,wood
3260,wood
3261,concrete
3262,concrete
3263,tiled
3264,wood
3265,concrete
3266,hard_tiles_large_space
3267,wood
3268,concrete
3269,concrete
3270,wood
3271,concrete
3272,carpet
3273,carpet
3274,concrete
3275,wood
3276,concrete
3277,wood
3278,tiled
3279,tiled
3280,concrete
3281,carpet
3282,wood
3283,wood
3284,wood
3285,concrete
3286,wood
3287,concrete
3288,carpet
3289,wood
3290,wood
3291,soft_pvc
3292,wood
3293,carpet
3294,tiled
3295,wood
3296,carpet
3297,carpet
3298,concrete
3299,concrete
3300,hard_tiles_large_space
3301,hard_tiles_large_space
3302,fine_concrete
3303,wood
3304,wood
3305,carpet
3306,concrete
3307,wood
3308,wood
3309,tiled
3310,wood
3311,wood
3312,wood
3313,wood
3314,wood
3315,wood
3316,tiled
3317,concrete
3318,wood
3319,wood
3320,wood
3321,hard_tiles_large_space
3322,wood
3323,wood
3324,wood
3325,tiled
3326,hard_tiles_large_space
3327,concrete
3328,wood
3329,carpet
3330,wood
3331,concrete
3332,wood
3333,concrete
3334,hard_tiles_large_space
3335,tiled
3336,carpet
3337,hard_tiles_large_space
3338,concrete
3339,wood
3340,wood
3341,concrete
3342,carpet
3343,wood
3344,wood
3345,tiled
3346,fine_concrete
3347,concrete
3348,tiled
3349,concrete
3350,wood
3351,wood
3352,tiled
3353,concrete
3354,concrete
3355,hard_tiles_large_space
3356,wood
3357,concrete
3358,hard_tiles_large_space
3359,concrete
3360,concrete
3361,tiled
3362,concrete
3363,tiled
3364,wood
3365,wood
3366,carpet
3367,wood
3368,concrete
3369,concrete
3370,wood
3371,wood
3372,hard_tiles_large_space
3373,tiled
3374,wood
3375,concrete
3376,wood
3377,tiled
3378,wood
3379,wood
3380,wood
3381,wood
3382,tiled
3383,hard_tiles_large_space
3384,wood
3385,wood
3386,wood
3387,concrete
3388,wood
3389,hard_tiles_large_space
3390,soft_pvc
3391,concrete
3392,hard_tiles_large_space
3393,concrete
3394,fine_concrete
3395,wood
3396,wood
3397,wood
3398,wood
3399,wood
3400,wood
3401,wood
3402,wood
3403,wood
3404,carpet
3405,wood
3406,hard_tiles_large_space
3407,wood
3408,fine_concrete
3409,carpet
3410,wood
3411,wood
3412,wood
3413,wood
3414,wood
3415,wood
3416,hard_tiles_large_space
3417,soft_pvc
3418,wood
3419,tiled
3420,wood
3421,wood
3422,tiled
3423,concrete
3424,wood
3425,wood
3426,wood
3427,tiled
3428,wood
3429,wood
3430,tiled
3431,concrete
3432,concrete
3433,concrete
3434,carpet
3435,wood
3436,hard_tiles_large_space
3437,wood
3438,concrete
3439,carpet
3440,hard_tiles_large_space
3441,soft_pvc
3442,concrete
3443,hard_tiles_large_space
3444,tiled
3445,concrete
3446,wood
3447,wood
3448,wood
3449,concrete
3450,wood
3451,concrete
3452,wood
3453,wood
3454,hard_tiles_large_space
3455,carpet
3456,wood
3457,wood
3458,concrete
3459,concrete
3460,tiled
3461,tiled
3462,wood
3463,carpet
3464,tiled
3465,tiled
3466,wood
3467,wood
3468,hard_tiles_large_space
3469,wood
3470,tiled
3471,fine_concrete
3472,tiled
3473,tiled
3474,concrete
3475,concrete
3476,wood
3477,hard_tiles_large_space
3478,wood
3479,concrete
3480,tiled
3481,tiled
3482,wood
3483,wood
3484,wood
3485,concrete
3486,wood
3487,wood
3488,fine_concrete
3489,concrete
3490,carpet
3491,wood
3492,wood
3493,wood
3494,concrete
3495,wood
3496,concrete
3497,concrete
3498,wood
3499,hard_tiles_large_space
3500,concrete
3501,wood
3502,wood
3503,hard_tiles_large_space
3504,wood
3505,concrete
3506,concrete
3507,carpet
3508,wood
3509,hard_tiles_large_space
3510,tiled
3511,wood
3512,carpet
3513,wood
3514,hard_tiles_large_space
3515,concrete
3516,wood
3517,concrete
3518,carpet
3519,hard_tiles_large_space
3520,hard_tiles_large_space
3521,concrete
3522,fine_concrete
3523,wood
3524,concrete
3525,wood
3526,wood
3527,hard_tiles_large_space
3528,fine_concrete
3529,hard_tiles_large_space
3530,wood
3531,fine_concrete
3532,hard_tiles_large_space
3533,concrete
3534,wood
3535,soft_pvc
3536,carpet
3537,concrete
3538,tiled
3539,concrete
3540,wood
3541,concrete
3542,hard_tiles_large_space
3543,concrete
3544,carpet
3545,wood
3546,concrete
3547,wood
3548,concrete
3549,wood
3550,wood
3551,wood
3552,hard_tiles_large_space
3553,tiled
3554,wood
3555,tiled
3556,wood
3557,wood
3558,wood
3559,wood
3560,carpet
3561,concrete
3562,wood
3563,carpet
3564,wood
3565,wood
3566,concrete
3567,concrete
3568,wood
3569,wood
3570,wood
3571,concrete
3572,carpet
3573,tiled
3574,concrete
3575,concrete
3576,concrete
3577,tiled
3578,wood
3579,fine_concrete
3580,wood
3581,concrete
3582,wood
3583,hard_tiles_large_space
3584,wood
3585,wood
3586,concrete
3587,wood
3588,hard_tiles_large_space
3589,carpet
3590,wood
3591,hard_tiles_large_space
3592,concrete
3593,concrete
3594,concrete
3595,wood
3596,hard_tiles_large_space
3597,hard_tiles_large_space
3598,fine_concrete
3599,wood
3600,wood
3601,fine_concrete
3602,hard_tiles_large_space
3603,fine_concrete
3604,wood
3605,concrete
3606,tiled
3607,wood
3608,wood
3609,wood
3610,carpet
3611,hard_tiles_large_space
3612,tiled
3613,tiled
3614,tiled
3615,tiled
3616,hard_tiles_large_space
3617,concrete
3618,carpet
3619,wood
3620,hard_tiles_large_space
3621,carpet
3622,hard_tiles_large_space
3623,soft_pvc
3624,wood
3625,concrete
3626,wood
3627,wood
3628,wood
3629,wood
3630,concrete
3631,wood
3632,tiled
3633,wood
3634,fine_concrete
3635,hard_tiles_large_space
3636,wood
3637,concrete
3638,tiled
3639,wood
3640,wood
3641,concrete
3642,wood
3643,fine_concrete
3644,tiled
3645,hard_tiles_large_space
3646,wood
3647,hard_tiles_large_space
3648,wood
3649,concrete
3650,tiled
3651,wood
3652,concrete
3653,wood
3654,concrete
3655,concrete
3656,tiled
3657,wood
3658,fine_concrete
3659,concrete
3660,fine_concrete
3661,wood
3662,concrete
3663,wood
3664,concrete
3665,hard_tiles_large_space
3666,hard_tiles_large_space
3667,concrete
3668,wood
3669,concrete
3670,hard_tiles_large_space
3671,concrete
3672,wood
3673,hard_tiles_large_space
3674,concrete
3675,carpet
3676,wood
3677,tiled
3678,concrete
3679,concrete
3680,fine_concrete
3681,wood
3682,concrete
3683,concrete
3684,wood
3685,carpet
3686,wood
3687,tiled
3688,tiled
3689,wood
3690,wood
3691,concrete
3692,fine_concrete
3693,concrete
3694,hard_tiles_large_space
3695,concrete
3696,wood
3697,wood
3698,fine_concrete
3699,wood
3700,wood
3701,concrete
3702,tiled
3703,tiled
3704,concrete
3705,wood
3706,wood
3707,tiled
3708,wood
3709,wood
3710,tiled
3711,wood
3712,concrete
3713,wood
3714,tiled
3715,concrete
3716,tiled
3717,wood
3718,tiled
3719,concrete
3720,fine_concrete
3721,wood
3722,tiled
3723,concrete
3724,wood
3725,wood
3726,hard_tiles_large_space
3727,carpet
3728,concrete
3729,concrete
3730,wood
3731,hard_tiles_large_space
3732,wood
3733,wood
3734,wood
3735,wood
3736,wood
3737,wood
3738,fine_concrete
3739,hard_tiles_large_space
3740,wood
3741,concrete
3742,fine_concrete
3743,wood
3744,wood
3745,wood
3746,wood
3747,wood
3748,wood
3749,wood
3750,concrete
3751,concrete
3752,wood
3753,concrete
3754,concrete
3755,concrete
3756,hard_tiles_large_space
3757,concrete
3758,carpet
3759,wood
3760,wood
3761,carpet
3762,wood
3763,wood
3764,wood
3765,concrete
3766,tiled
3767,tiled
3768,wood
3769,wood
3770,concrete
3771,hard_tiles_large_space
3772,tiled
3773,wood
3774,hard_tiles_large_space
3775,concrete
3776,tiled
3777,tiled
3778,concrete
3779,wood
3780,wood
3781,wood
3782,carpet
3783,concrete
3784,wood
3785,carpet
3786,concrete
3787,tiled
3788,hard_tiles_large_space
3789,tiled
3790,wood
3791,wood
3792,wood
3793,wood
3794,concrete
3795,wood
3796,wood
3797,concrete
3798,soft_pvc
3799,concrete
3800,hard_tiles_large_space
3801,hard_tiles_large_space
3802,wood
3803,wood
3804,concrete
3805,wood
3806,concrete
3807,hard_tiles_large_space
3808,tiled
3809,wood
3810,fine_concrete
3811,hard_tiles_large_space
3812,carpet
3813,hard_tiles_large_space
3814,tiled
3815,soft_pvc
